,time,src,dst,len,role
0,0.0,192.168.67.64,52.166.239.43,75,1
1,0.010412931442260742,192.168.67.64,52.166.239.43,1506,1
2,0.22417092323303223,52.166.239.43,192.168.67.64,168,0
3,0.22541284561157227,52.166.239.43,192.168.67.64,70,0
4,0.22789287567138672,192.168.67.64,52.166.239.43,76,1
5,0.4421858787536621,52.166.239.43,192.168.67.64,77,0
6,0.44544386863708496,192.168.67.64,52.166.239.43,70,1
7,0.6556088924407959,52.166.239.43,192.168.67.64,152,0
8,0.6629378795623779,192.168.67.64,52.166.239.43,49,1
9,0.6738009452819824,192.168.67.64,52.166.239.43,254,1
10,0.674901008605957,52.166.239.43,192.168.67.64,60,0
11,0.6846959590911865,192.168.67.64,52.166.239.43,58,1
12,0.6847238540649414,192.168.67.64,52.166.239.43,1471,1
13,0.8799958229064941,52.166.239.43,192.168.67.64,73,0
14,0.8904309272766113,52.166.239.43,192.168.67.64,60,0
15,0.8908419609069824,192.168.67.64,52.166.239.43,49,1
16,0.8908648490905762,192.168.67.64,52.166.239.43,1471,1
17,0.8908748626708984,192.168.67.64,52.166.239.43,1471,1
18,0.9154949188232422,52.166.239.43,192.168.67.64,60,0
19,0.9234778881072998,192.168.67.64,52.166.239.43,1471,1
20,0.9235079288482666,192.168.67.64,52.166.239.43,1471,1
21,1.1076760292053223,52.166.239.43,192.168.67.64,60,0
22,1.10788893699646,192.168.67.64,52.166.239.43,1471,1
23,1.1079130172729492,192.168.67.64,52.166.239.43,1471,1
24,1.1079230308532715,192.168.67.64,52.166.239.43,1471,1
25,1.1079308986663818,192.168.67.64,52.166.239.43,1471,1
26,1.1592659950256348,52.166.239.43,192.168.67.64,60,0
27,1.1622929573059082,192.168.67.64,52.166.239.43,1471,1
28,1.1623249053955078,192.168.67.64,52.166.239.43,1471,1
29,1.1623380184173584,192.168.67.64,52.166.239.43,1471,1
30,1.1623499393463135,192.168.67.64,52.166.239.43,1471,1
31,1.3330879211425781,52.166.239.43,192.168.67.64,60,0
32,1.3363168239593506,192.168.67.64,52.166.239.43,1471,1
33,1.3363468647003174,192.168.67.64,52.166.239.43,1471,1
34,1.336359977722168,192.168.67.64,52.166.239.43,1471,1
35,1.3363709449768066,192.168.67.64,52.166.239.43,1471,1
36,1.336380958557129,192.168.67.64,52.166.239.43,1471,1
37,1.3363919258117676,192.168.67.64,52.166.239.43,1471,1
38,1.3364019393920898,192.168.67.64,52.166.239.43,1471,1
39,1.3364129066467285,192.168.67.64,52.166.239.43,296,1
40,1.3823089599609375,52.166.239.43,192.168.67.64,60,0
41,1.5436348915100098,52.166.239.43,192.168.67.64,60,0
42,1.567612886428833,52.166.239.43,192.168.67.64,60,0
43,1.567612886428833,52.166.239.43,192.168.67.64,395,0
44,1.5859839916229248,192.168.67.64,52.166.239.43,49,1
45,1.5968668460845947,192.168.67.64,52.166.239.43,69,1
46,1.8243780136108398,52.166.239.43,192.168.67.64,60,0
47,1.8243780136108398,52.166.239.43,192.168.67.64,131,0
48,1.8361468315124512,192.168.67.64,52.166.239.43,49,1
49,1.836181879043579,192.168.67.64,52.166.239.43,71,1
50,1.8578979969024658,192.168.67.64,52.166.239.43,72,1
51,2.064098834991455,52.166.239.43,192.168.67.64,60,0
52,2.094285011291504,52.166.239.43,192.168.67.64,60,0
53,2.094285011291504,52.166.239.43,192.168.67.64,129,0
54,2.1071369647979736,192.168.67.64,52.166.239.43,49,1
55,2.161525011062622,192.168.67.64,52.166.239.43,72,1
56,2.3679909706115723,52.166.239.43,192.168.67.64,60,0
57,2.4156880378723145,52.166.239.43,192.168.67.64,1497,0
58,2.415776014328003,52.166.239.43,192.168.67.64,1497,0
59,2.415971040725708,52.166.239.43,192.168.67.64,1497,0
60,2.4160919189453125,52.166.239.43,192.168.67.64,1497,0
61,2.416355848312378,52.166.239.43,192.168.67.64,1497,0
62,2.416491985321045,52.166.239.43,192.168.67.64,1497,0
63,2.416635036468506,52.166.239.43,192.168.67.64,1497,0
64,2.4167699813842773,52.166.239.43,192.168.67.64,1497,0
65,2.418170928955078,52.166.239.43,192.168.67.64,1497,0
66,2.418297052383423,52.166.239.43,192.168.67.64,1497,0
67,2.4184539318084717,52.166.239.43,192.168.67.64,1497,0
68,2.4185798168182373,52.166.239.43,192.168.67.64,1497,0
69,2.418992042541504,52.166.239.43,192.168.67.64,1497,0
70,2.4191248416900635,52.166.239.43,192.168.67.64,1497,0
71,2.419273853302002,52.166.239.43,192.168.67.64,1497,0
72,2.419404983520508,52.166.239.43,192.168.67.64,1497,0
73,2.420822858810425,52.166.239.43,192.168.67.64,1497,0
74,2.4209229946136475,52.166.239.43,192.168.67.64,1497,0
75,2.4210729598999023,52.166.239.43,192.168.67.64,1497,0
76,2.4212069511413574,52.166.239.43,192.168.67.64,1497,0
77,2.4215619564056396,52.166.239.43,192.168.67.64,1497,0
78,2.4216978549957275,52.166.239.43,192.168.67.64,1497,0
79,2.421860933303833,52.166.239.43,192.168.67.64,1497,0
80,2.4219820499420166,52.166.239.43,192.168.67.64,1497,0
81,2.4223849773406982,52.166.239.43,192.168.67.64,1497,0
82,2.422515869140625,52.166.239.43,192.168.67.64,1497,0
83,2.4226670265197754,52.166.239.43,192.168.67.64,1497,0
84,2.4228248596191406,52.166.239.43,192.168.67.64,1497,0
85,2.423158884048462,52.166.239.43,192.168.67.64,1497,0
86,2.4232988357543945,52.166.239.43,192.168.67.64,1497,0
87,2.4234299659729004,52.166.239.43,192.168.67.64,1497,0
88,2.4252829551696777,52.166.239.43,192.168.67.64,1497,0
89,2.4254069328308105,52.166.239.43,192.168.67.64,1497,0
90,2.425557851791382,52.166.239.43,192.168.67.64,1497,0
91,2.4256908893585205,52.166.239.43,192.168.67.64,1497,0
92,2.4261200428009033,52.166.239.43,192.168.67.64,1497,0
93,2.426255941390991,52.166.239.43,192.168.67.64,1497,0
94,2.4263999462127686,52.166.239.43,192.168.67.64,1497,0
95,2.426537036895752,52.166.239.43,192.168.67.64,1497,0
96,2.4279398918151855,52.166.239.43,192.168.67.64,1497,0
97,2.4280688762664795,52.166.239.43,192.168.67.64,1497,0
98,2.4282188415527344,52.166.239.43,192.168.67.64,1497,0
99,2.4283559322357178,52.166.239.43,192.168.67.64,1497,0
100,2.4287798404693604,52.166.239.43,192.168.67.64,1497,0
101,2.4289379119873047,52.166.239.43,192.168.67.64,1497,0
102,2.429064989089966,52.166.239.43,192.168.67.64,1497,0
103,2.429194927215576,52.166.239.43,192.168.67.64,1497,0
104,2.42960786819458,52.166.239.43,192.168.67.64,1497,0
105,2.429744005203247,52.166.239.43,192.168.67.64,1497,0
106,2.4299349784851074,52.166.239.43,192.168.67.64,1497,0
107,2.4300239086151123,52.166.239.43,192.168.67.64,1497,0
108,2.43033504486084,52.166.239.43,192.168.67.64,1497,0
109,2.430461883544922,52.166.239.43,192.168.67.64,1497,0
110,2.4306118488311768,52.166.239.43,192.168.67.64,1497,0
111,2.430742025375366,52.166.239.43,192.168.67.64,1497,0
112,2.431126832962036,52.166.239.43,192.168.67.64,1497,0
113,2.431260824203491,52.166.239.43,192.168.67.64,1497,0
114,2.431411027908325,52.166.239.43,192.168.67.64,1497,0
115,2.4315409660339355,52.166.239.43,192.168.67.64,1497,0
116,2.431881904602051,52.166.239.43,192.168.67.64,1497,0
117,2.431917905807495,192.168.67.64,52.166.239.43,52,1
118,2.432008981704712,52.166.239.43,192.168.67.64,1497,0
119,2.4321579933166504,52.166.239.43,192.168.67.64,1497,0
120,2.4322879314422607,52.166.239.43,192.168.67.64,1497,0
121,2.432581901550293,52.166.239.43,192.168.67.64,1497,0
122,2.432715892791748,52.166.239.43,192.168.67.64,1497,0
123,2.4329240322113037,52.166.239.43,192.168.67.64,1497,0
124,2.4330010414123535,52.166.239.43,192.168.67.64,1497,0
125,2.4333109855651855,52.166.239.43,192.168.67.64,1497,0
126,2.4334399700164795,52.166.239.43,192.168.67.64,1497,0
127,2.433590888977051,52.166.239.43,192.168.67.64,1497,0
128,2.4337220191955566,52.166.239.43,192.168.67.64,1497,0
129,2.434051036834717,52.166.239.43,192.168.67.64,1497,0
130,2.4341788291931152,52.166.239.43,192.168.67.64,1497,0
131,2.4343340396881104,52.166.239.43,192.168.67.64,1497,0
132,2.434461832046509,52.166.239.43,192.168.67.64,1497,0
133,2.4349989891052246,52.166.239.43,192.168.67.64,1497,0
134,2.4351279735565186,52.166.239.43,192.168.67.64,1497,0
135,2.4352779388427734,52.166.239.43,192.168.67.64,1497,0
136,2.4354088306427,52.166.239.43,192.168.67.64,1497,0
137,2.435793876647949,52.166.239.43,192.168.67.64,1497,0
138,2.4359259605407715,52.166.239.43,192.168.67.64,1497,0
139,2.436077833175659,52.166.239.43,192.168.67.64,1497,0
140,2.4362058639526367,52.166.239.43,192.168.67.64,1497,0
141,2.4376049041748047,52.166.239.43,192.168.67.64,1497,0
142,2.4377310276031494,52.166.239.43,192.168.67.64,1497,0
143,2.4378879070281982,52.166.239.43,192.168.67.64,1497,0
144,2.438015937805176,52.166.239.43,192.168.67.64,1497,0
145,2.4383609294891357,52.166.239.43,192.168.67.64,997,0
146,2.4428038597106934,192.168.67.64,52.166.239.43,52,1
147,2.4511449337005615,52.166.239.43,192.168.67.64,1497,0
148,2.4511940479278564,52.166.239.43,192.168.67.64,1497,0
149,2.4513449668884277,52.166.239.43,192.168.67.64,1497,0
150,2.4514739513397217,52.166.239.43,192.168.67.64,1497,0
151,2.4517970085144043,52.166.239.43,192.168.67.64,1497,0
152,2.4519288539886475,52.166.239.43,192.168.67.64,1497,0
153,2.4520788192749023,52.166.239.43,192.168.67.64,1497,0
154,2.452209949493408,52.166.239.43,192.168.67.64,1497,0
155,2.4535939693450928,52.166.239.43,192.168.67.64,1497,0
156,2.4537248611450195,52.166.239.43,192.168.67.64,1497,0
157,2.4538748264312744,52.166.239.43,192.168.67.64,1497,0
158,2.4540040493011475,52.166.239.43,192.168.67.64,1497,0
159,2.45430588722229,52.166.239.43,192.168.67.64,1497,0
160,2.454439878463745,52.166.239.43,192.168.67.64,1497,0
161,2.45458984375,52.166.239.43,192.168.67.64,1497,0
162,2.454720973968506,52.166.239.43,192.168.67.64,1497,0
163,2.4561409950256348,52.166.239.43,192.168.67.64,1497,0
164,2.456254005432129,52.166.239.43,192.168.67.64,1497,0
165,2.4564058780670166,52.166.239.43,192.168.67.64,1497,0
166,2.4565389156341553,52.166.239.43,192.168.67.64,1497,0
167,2.456936836242676,52.166.239.43,192.168.67.64,1497,0
168,2.4570629596710205,52.166.239.43,192.168.67.64,1497,0
169,2.4572110176086426,52.166.239.43,192.168.67.64,1497,0
170,2.4573469161987305,52.166.239.43,192.168.67.64,1497,0
171,2.458756923675537,52.166.239.43,192.168.67.64,1497,0
172,2.4588849544525146,52.166.239.43,192.168.67.64,1497,0
173,2.459033966064453,52.166.239.43,192.168.67.64,1497,0
174,2.45916485786438,52.166.239.43,192.168.67.64,1497,0
175,2.459514856338501,52.166.239.43,192.168.67.64,1497,0
176,2.459648847579956,52.166.239.43,192.168.67.64,1497,0
177,2.4597949981689453,52.166.239.43,192.168.67.64,1497,0
178,2.459928035736084,52.166.239.43,192.168.67.64,1497,0
179,2.461326837539673,52.166.239.43,192.168.67.64,1497,0
180,2.4614579677581787,52.166.239.43,192.168.67.64,1497,0
181,2.461611032485962,52.166.239.43,192.168.67.64,1497,0
182,2.4617409706115723,52.166.239.43,192.168.67.64,1497,0
183,2.4620718955993652,52.166.239.43,192.168.67.64,1497,0
184,2.4622018337249756,52.166.239.43,192.168.67.64,1497,0
185,2.462352991104126,52.166.239.43,192.168.67.64,1497,0
186,2.4624860286712646,52.166.239.43,192.168.67.64,1497,0
187,2.4638760089874268,52.166.239.43,192.168.67.64,1497,0
188,2.4640069007873535,52.166.239.43,192.168.67.64,1497,0
189,2.4641568660736084,52.166.239.43,192.168.67.64,1497,0
190,2.4642889499664307,52.166.239.43,192.168.67.64,1497,0
191,2.464524984359741,192.168.67.64,52.166.239.43,52,1
192,2.464617967605591,52.166.239.43,192.168.67.64,1497,0
193,2.464750051498413,52.166.239.43,192.168.67.64,1497,0
194,2.4649009704589844,52.166.239.43,192.168.67.64,1497,0
195,2.4650309085845947,52.166.239.43,192.168.67.64,1497,0
196,2.4664409160614014,52.166.239.43,192.168.67.64,1497,0
197,2.4665720462799072,52.166.239.43,192.168.67.64,1497,0
198,2.466722011566162,52.166.239.43,192.168.67.64,1497,0
199,2.466852903366089,52.166.239.43,192.168.67.64,1497,0
200,2.4672458171844482,52.166.239.43,192.168.67.64,1497,0
201,2.4673779010772705,52.166.239.43,192.168.67.64,1497,0
202,2.467528820037842,52.166.239.43,192.168.67.64,1497,0
203,2.4676589965820312,52.166.239.43,192.168.67.64,1497,0
204,2.4680159091949463,52.166.239.43,192.168.67.64,1497,0
205,2.468148946762085,52.166.239.43,192.168.67.64,1497,0
206,2.46829891204834,52.166.239.43,192.168.67.64,1497,0
207,2.468430995941162,52.166.239.43,192.168.67.64,1497,0
208,2.4687888622283936,52.166.239.43,192.168.67.64,1497,0
209,2.468920946121216,52.166.239.43,192.168.67.64,1497,0
210,2.4690749645233154,52.166.239.43,192.168.67.64,1497,0
211,2.469202995300293,52.166.239.43,192.168.67.64,1497,0
212,2.469559907913208,52.166.239.43,192.168.67.64,1497,0
213,2.469693899154663,52.166.239.43,192.168.67.64,1497,0
214,2.4698469638824463,52.166.239.43,192.168.67.64,1497,0
215,2.469972848892212,52.166.239.43,192.168.67.64,1497,0
216,2.4703400135040283,52.166.239.43,192.168.67.64,1497,0
217,2.470473051071167,52.166.239.43,192.168.67.64,1497,0
218,2.4706239700317383,52.166.239.43,192.168.67.64,1497,0
219,2.470754861831665,52.166.239.43,192.168.67.64,1497,0
220,2.471112012863159,52.166.239.43,192.168.67.64,1497,0
221,2.4712469577789307,52.166.239.43,192.168.67.64,1497,0
222,2.4714109897613525,52.166.239.43,192.168.67.64,1497,0
223,2.471529960632324,52.166.239.43,192.168.67.64,1497,0
224,2.4718399047851562,52.166.239.43,192.168.67.64,1497,0
225,2.471971035003662,52.166.239.43,192.168.67.64,1497,0
226,2.4721570014953613,52.166.239.43,192.168.67.64,1497,0
227,2.4722540378570557,52.166.239.43,192.168.67.64,1497,0
228,2.4726219177246094,52.166.239.43,192.168.67.64,1497,0
229,2.4727518558502197,52.166.239.43,192.168.67.64,1497,0
230,2.4729130268096924,52.166.239.43,192.168.67.64,1497,0
231,2.4730379581451416,52.166.239.43,192.168.67.64,1497,0
232,2.4733738899230957,52.166.239.43,192.168.67.64,1497,0
233,2.473498821258545,52.166.239.43,192.168.67.64,1497,0
234,2.473655939102173,52.166.239.43,192.168.67.64,1497,0
235,2.4737799167633057,52.166.239.43,192.168.67.64,1497,0
236,2.4741709232330322,52.166.239.43,192.168.67.64,1497,0
237,2.474299907684326,52.166.239.43,192.168.67.64,1497,0
238,2.474454879760742,52.166.239.43,192.168.67.64,1497,0
239,2.4745800495147705,52.166.239.43,192.168.67.64,1497,0
240,2.4754209518432617,192.168.67.64,52.166.239.43,52,1
241,2.47621488571167,52.166.239.43,192.168.67.64,1497,0
242,2.4763429164886475,52.166.239.43,192.168.67.64,1497,0
243,2.476491928100586,52.166.239.43,192.168.67.64,1497,0
244,2.4766218662261963,52.166.239.43,192.168.67.64,1497,0
245,2.4770429134368896,52.166.239.43,192.168.67.64,1497,0
246,2.477174997329712,52.166.239.43,192.168.67.64,1497,0
247,2.477327823638916,52.166.239.43,192.168.67.64,1497,0
248,2.4774539470672607,52.166.239.43,192.168.67.64,1497,0
249,2.4777958393096924,52.166.239.43,192.168.67.64,1497,0
250,2.4779279232025146,52.166.239.43,192.168.67.64,1497,0
251,2.4780778884887695,52.166.239.43,192.168.67.64,1497,0
252,2.4782090187072754,52.166.239.43,192.168.67.64,1497,0
253,2.478523015975952,52.166.239.43,192.168.67.64,1497,0
254,2.4786579608917236,52.166.239.43,192.168.67.64,1497,0
255,2.478811025619507,52.166.239.43,192.168.67.64,1497,0
256,2.478811025619507,52.166.239.43,192.168.67.64,281,0
257,2.4862558841705322,192.168.67.64,52.166.239.43,59,1
258,2.486320972442627,192.168.67.64,52.166.239.43,52,1
259,2.5006179809570312,52.166.239.43,192.168.67.64,1497,0
260,2.500727891921997,52.166.239.43,192.168.67.64,1497,0
261,2.500875949859619,52.166.239.43,192.168.67.64,1497,0
262,2.5010058879852295,52.166.239.43,192.168.67.64,1497,0
263,2.501459836959839,52.166.239.43,192.168.67.64,1497,0
264,2.5015969276428223,52.166.239.43,192.168.67.64,1497,0
265,2.5017449855804443,52.166.239.43,192.168.67.64,1497,0
266,2.501875877380371,52.166.239.43,192.168.67.64,1497,0
267,2.503248929977417,52.166.239.43,192.168.67.64,1497,0
268,2.5033798217773438,52.166.239.43,192.168.67.64,1497,0
269,2.5035300254821777,52.166.239.43,192.168.67.64,1497,0
270,2.5036590099334717,52.166.239.43,192.168.67.64,1497,0
271,2.5040249824523926,52.166.239.43,192.168.67.64,1497,0
272,2.5041730403900146,52.166.239.43,192.168.67.64,1497,0
273,2.5043108463287354,52.166.239.43,192.168.67.64,1497,0
274,2.5044398307800293,52.166.239.43,192.168.67.64,1497,0
275,2.5058200359344482,52.166.239.43,192.168.67.64,1497,0
276,2.5059518814086914,52.166.239.43,192.168.67.64,1497,0
277,2.506103992462158,52.166.239.43,192.168.67.64,1497,0
278,2.506234884262085,52.166.239.43,192.168.67.64,1497,0
279,2.5066099166870117,52.166.239.43,192.168.67.64,1497,0
280,2.506747007369995,52.166.239.43,192.168.67.64,1497,0
281,2.506894826889038,52.166.239.43,192.168.67.64,1497,0
282,2.507028818130493,52.166.239.43,192.168.67.64,1497,0
283,2.508409023284912,52.166.239.43,192.168.67.64,1497,0
284,2.5085349082946777,52.166.239.43,192.168.67.64,1497,0
285,2.5086848735809326,52.166.239.43,192.168.67.64,1497,0
286,2.508816957473755,52.166.239.43,192.168.67.64,1497,0
287,2.509119987487793,52.166.239.43,192.168.67.64,1497,0
288,2.5092530250549316,52.166.239.43,192.168.67.64,1497,0
289,2.5094029903411865,52.166.239.43,192.168.67.64,1497,0
290,2.509532928466797,52.166.239.43,192.168.67.64,1497,0
291,2.510910987854004,52.166.239.43,192.168.67.64,1497,0
292,2.5110409259796143,52.166.239.43,192.168.67.64,1497,0
293,2.511190891265869,52.166.239.43,192.168.67.64,1497,0
294,2.5113208293914795,52.166.239.43,192.168.67.64,1497,0
295,2.5117290019989014,52.166.239.43,192.168.67.64,1497,0
296,2.5118579864501953,52.166.239.43,192.168.67.64,1497,0
297,2.5120089054107666,52.166.239.43,192.168.67.64,1497,0
298,2.5121400356292725,52.166.239.43,192.168.67.64,1497,0
299,2.5135319232940674,52.166.239.43,192.168.67.64,1497,0
300,2.5136609077453613,52.166.239.43,192.168.67.64,1497,0
301,2.5138139724731445,52.166.239.43,192.168.67.64,1497,0
302,2.5139429569244385,52.166.239.43,192.168.67.64,1497,0
303,2.5143070220947266,52.166.239.43,192.168.67.64,1497,0
304,2.514441967010498,52.166.239.43,192.168.67.64,1497,0
305,2.5145959854125977,52.166.239.43,192.168.67.64,1497,0
306,2.514724016189575,52.166.239.43,192.168.67.64,1497,0
307,2.515230894088745,52.166.239.43,192.168.67.64,1497,0
308,2.515363931655884,52.166.239.43,192.168.67.64,1497,0
309,2.5155138969421387,52.166.239.43,192.168.67.64,1497,0
310,2.5156450271606445,52.166.239.43,192.168.67.64,1497,0
311,2.515903949737549,52.166.239.43,192.168.67.64,1497,0
312,2.5160369873046875,52.166.239.43,192.168.67.64,1497,0
313,2.5161869525909424,52.166.239.43,192.168.67.64,1497,0
314,2.5163190364837646,52.166.239.43,192.168.67.64,1497,0
315,2.516576051712036,52.166.239.43,192.168.67.64,1497,0
316,2.5167088508605957,52.166.239.43,192.168.67.64,1497,0
317,2.5168769359588623,52.166.239.43,192.168.67.64,1497,0
318,2.516990900039673,52.166.239.43,192.168.67.64,1497,0
319,2.5172479152679443,52.166.239.43,192.168.67.64,1497,0
320,2.5173819065093994,52.166.239.43,192.168.67.64,1497,0
321,2.5175328254699707,52.166.239.43,192.168.67.64,1497,0
322,2.51766300201416,52.166.239.43,192.168.67.64,1497,0
323,2.5179238319396973,52.166.239.43,192.168.67.64,1497,0
324,2.5180540084838867,52.166.239.43,192.168.67.64,1497,0
325,2.5182039737701416,52.166.239.43,192.168.67.64,1497,0
326,2.5183348655700684,52.166.239.43,192.168.67.64,1497,0
327,2.518594980239868,52.166.239.43,192.168.67.64,1497,0
328,2.5187268257141113,52.166.239.43,192.168.67.64,1497,0
329,2.518878936767578,52.166.239.43,192.168.67.64,1497,0
330,2.5189549922943115,192.168.67.64,52.166.239.43,52,1
331,2.519002914428711,52.166.239.43,192.168.67.64,1497,0
332,2.519256830215454,52.166.239.43,192.168.67.64,1497,0
333,2.519390821456909,52.166.239.43,192.168.67.64,1497,0
334,2.5195398330688477,52.166.239.43,192.168.67.64,1497,0
335,2.5196709632873535,52.166.239.43,192.168.67.64,1497,0
336,2.519930839538574,52.166.239.43,192.168.67.64,1497,0
337,2.5201339721679688,52.166.239.43,192.168.67.64,1497,0
338,2.5202138423919678,52.166.239.43,192.168.67.64,1497,0
339,2.5203440189361572,52.166.239.43,192.168.67.64,1497,0
340,2.5209009647369385,52.166.239.43,192.168.67.64,1497,0
341,2.5210349559783936,52.166.239.43,192.168.67.64,1497,0
342,2.521185874938965,52.166.239.43,192.168.67.64,1497,0
343,2.5213170051574707,52.166.239.43,192.168.67.64,1497,0
344,2.5216078758239746,52.166.239.43,192.168.67.64,1497,0
345,2.5217409133911133,52.166.239.43,192.168.67.64,1497,0
346,2.52189302444458,52.166.239.43,192.168.67.64,1497,0
347,2.522022008895874,52.166.239.43,192.168.67.64,1497,0
348,2.5223519802093506,52.166.239.43,192.168.67.64,1497,0
349,2.5224850177764893,52.166.239.43,192.168.67.64,1497,0
350,2.5226340293884277,52.166.239.43,192.168.67.64,1497,0
351,2.522765874862671,52.166.239.43,192.168.67.64,1497,0
352,2.52315092086792,52.166.239.43,192.168.67.64,1497,0
353,2.523284912109375,52.166.239.43,192.168.67.64,1497,0
354,2.523437976837158,52.166.239.43,192.168.67.64,1497,0
355,2.5235660076141357,52.166.239.43,192.168.67.64,1497,0
356,2.524941921234131,52.166.239.43,192.168.67.64,1497,0
357,2.5250749588012695,52.166.239.43,192.168.67.64,1497,0
358,2.5252230167388916,52.166.239.43,192.168.67.64,1497,0
359,2.5253548622131348,52.166.239.43,192.168.67.64,1497,0
360,2.525784969329834,52.166.239.43,192.168.67.64,1497,0
361,2.525918960571289,52.166.239.43,192.168.67.64,1497,0
362,2.526078939437866,52.166.239.43,192.168.67.64,1497,0
363,2.5261998176574707,52.166.239.43,192.168.67.64,1497,0
364,2.5265369415283203,52.166.239.43,192.168.67.64,1497,0
365,2.5266709327697754,52.166.239.43,192.168.67.64,1497,0
366,2.5268208980560303,52.166.239.43,192.168.67.64,1497,0
367,2.526952028274536,52.166.239.43,192.168.67.64,1497,0
368,2.527326822280884,52.166.239.43,192.168.67.64,1497,0
369,2.527461051940918,52.166.239.43,192.168.67.64,1497,0
370,2.5276119709014893,52.166.239.43,192.168.67.64,1497,0
371,2.527745008468628,52.166.239.43,192.168.67.64,1497,0
372,2.528045892715454,52.166.239.43,192.168.67.64,1497,0
373,2.5281789302825928,52.166.239.43,192.168.67.64,1497,0
374,2.5283288955688477,52.166.239.43,192.168.67.64,1497,0
375,2.5284600257873535,52.166.239.43,192.168.67.64,1497,0
376,2.5287728309631348,52.166.239.43,192.168.67.64,1497,0
377,2.52890682220459,52.166.239.43,192.168.67.64,1497,0
378,2.529057025909424,52.166.239.43,192.168.67.64,1497,0
379,2.5291879177093506,52.166.239.43,192.168.67.64,1497,0
380,2.529543876647949,52.166.239.43,192.168.67.64,1497,0
381,2.5296778678894043,52.166.239.43,192.168.67.64,1497,0
382,2.529819965362549,192.168.67.64,52.166.239.43,52,1
383,2.529827833175659,52.166.239.43,192.168.67.64,1497,0
384,2.529845952987671,192.168.67.64,52.166.239.43,49,1
385,2.5299489498138428,52.166.239.43,192.168.67.64,1497,0
386,2.530261993408203,52.166.239.43,192.168.67.64,1497,0
387,2.530395030975342,52.166.239.43,192.168.67.64,1497,0
388,2.5305449962615967,52.166.239.43,192.168.67.64,1497,0
389,2.53067684173584,52.166.239.43,192.168.67.64,1497,0
390,2.5313289165496826,52.166.239.43,192.168.67.64,1497,0
391,2.531461000442505,52.166.239.43,192.168.67.64,1497,0
392,2.5316169261932373,52.166.239.43,192.168.67.64,1497,0
393,2.5317440032958984,52.166.239.43,192.168.67.64,1497,0
394,2.5320818424224854,52.166.239.43,192.168.67.64,1497,0
395,2.5322299003601074,52.166.239.43,192.168.67.64,1497,0
396,2.532362937927246,52.166.239.43,192.168.67.64,1497,0
397,2.5325138568878174,52.166.239.43,192.168.67.64,1497,0
398,2.5325138568878174,52.166.239.43,192.168.67.64,266,0
399,2.5406558513641357,192.168.67.64,52.166.239.43,56,1
400,2.54069185256958,192.168.67.64,52.166.239.43,56,1
401,2.5454750061035156,52.166.239.43,192.168.67.64,205,0
402,2.5620779991149902,192.168.67.64,52.166.239.43,49,1
403,2.565358877182007,52.166.239.43,192.168.67.64,129,0
404,2.5838420391082764,192.168.67.64,52.166.239.43,49,1
405,2.5950939655303955,52.166.239.43,192.168.67.64,238,0
406,2.6056318283081055,192.168.67.64,52.166.239.43,49,1
407,2.61580491065979,52.166.239.43,192.168.67.64,98,0
408,2.627347946166992,192.168.67.64,52.166.239.43,49,1
409,2.637660026550293,52.166.239.43,192.168.67.64,184,0
410,2.6490938663482666,192.168.67.64,52.166.239.43,49,1
411,2.6612539291381836,52.166.239.43,192.168.67.64,780,0
412,2.6816020011901855,192.168.67.64,52.166.239.43,49,1
413,2.6835339069366455,52.166.239.43,192.168.67.64,132,0
414,2.7024288177490234,192.168.67.64,52.166.239.43,49,1
415,2.7067999839782715,52.166.239.43,192.168.67.64,186,0
416,2.724238872528076,192.168.67.64,52.166.239.43,49,1
417,2.7521679401397705,52.166.239.43,192.168.67.64,205,0
418,2.752295970916748,52.166.239.43,192.168.67.64,1497,0
419,2.7524449825286865,52.166.239.43,192.168.67.64,1497,0
420,2.7525768280029297,52.166.239.43,192.168.67.64,1497,0
421,2.7527120113372803,52.166.239.43,192.168.67.64,1497,0
422,2.7531440258026123,52.166.239.43,192.168.67.64,1497,0
423,2.7532739639282227,52.166.239.43,192.168.67.64,1497,0
424,2.754662036895752,52.166.239.43,192.168.67.64,1497,0
425,2.754788875579834,52.166.239.43,192.168.67.64,1497,0
426,2.754938840866089,52.166.239.43,192.168.67.64,1497,0
427,2.7550699710845947,52.166.239.43,192.168.67.64,1497,0
428,2.7554359436035156,52.166.239.43,192.168.67.64,1497,0
429,2.7555699348449707,52.166.239.43,192.168.67.64,1497,0
430,2.755720853805542,52.166.239.43,192.168.67.64,1497,0
431,2.7558488845825195,52.166.239.43,192.168.67.64,1497,0
432,2.757253885269165,52.166.239.43,192.168.67.64,1497,0
433,2.7573869228363037,52.166.239.43,192.168.67.64,1497,0
434,2.7575368881225586,52.166.239.43,192.168.67.64,1497,0
435,2.7576680183410645,52.166.239.43,192.168.67.64,1497,0
436,2.75807785987854,52.166.239.43,192.168.67.64,1497,0
437,2.7582108974456787,52.166.239.43,192.168.67.64,1497,0
438,2.75836181640625,52.166.239.43,192.168.67.64,1497,0
439,2.7584939002990723,52.166.239.43,192.168.67.64,1497,0
440,2.7589328289031982,52.166.239.43,192.168.67.64,1497,0
441,2.7590630054473877,52.166.239.43,192.168.67.64,1497,0
442,2.7592129707336426,52.166.239.43,192.168.67.64,1497,0
443,2.759347915649414,52.166.239.43,192.168.67.64,1497,0
444,2.759737014770508,52.166.239.43,192.168.67.64,1497,0
445,2.759737014770508,52.166.239.43,192.168.67.64,185,0
446,2.7598140239715576,52.166.239.43,192.168.67.64,670,0
447,2.7677860260009766,192.168.67.64,52.166.239.43,52,1
448,2.767925977706909,192.168.67.64,52.166.239.43,49,1
449,2.774026870727539,52.166.239.43,192.168.67.64,133,0
450,2.7895188331604004,192.168.67.64,52.166.239.43,49,1
451,2.8194198608398438,52.166.239.43,192.168.67.64,155,0
452,2.83276104927063,192.168.67.64,52.166.239.43,49,1
453,2.8416800498962402,52.166.239.43,192.168.67.64,131,0
454,2.8545138835906982,192.168.67.64,52.166.239.43,49,1
455,2.86287784576416,52.166.239.43,192.168.67.64,178,0
456,2.876269817352295,192.168.67.64,52.166.239.43,49,1
457,2.8840060234069824,52.166.239.43,192.168.67.64,209,0
458,2.8980138301849365,192.168.67.64,52.166.239.43,49,1
459,2.905941963195801,52.166.239.43,192.168.67.64,128,0
460,2.919761896133423,192.168.67.64,52.166.239.43,49,1
461,2.9275410175323486,52.166.239.43,192.168.67.64,130,0
462,2.9415369033813477,192.168.67.64,52.166.239.43,49,1
463,2.970438003540039,52.166.239.43,192.168.67.64,157,0
464,2.9729058742523193,192.168.67.64,52.166.239.43,49,1
465,2.983767032623291,192.168.67.64,52.166.239.43,49,1
466,2.992100954055786,52.166.239.43,192.168.67.64,131,0
467,3.0050389766693115,192.168.67.64,52.166.239.43,49,1
468,3.017392873764038,52.166.239.43,192.168.67.64,155,0
469,3.0374789237976074,192.168.67.64,52.166.239.43,49,1
470,3.0391499996185303,52.166.239.43,192.168.67.64,184,0
471,3.058743953704834,192.168.67.64,52.166.239.43,49,1
472,3.06728196144104,52.166.239.43,192.168.67.64,232,0
473,3.0804989337921143,192.168.67.64,52.166.239.43,49,1
474,3.0890588760375977,52.166.239.43,192.168.67.64,101,0
475,3.101562023162842,192.168.67.64,52.166.239.43,49,1
476,3.109377861022949,52.166.239.43,192.168.67.64,159,0
477,3.122896909713745,192.168.67.64,52.166.239.43,49,1
478,3.1254570484161377,52.166.239.43,192.168.67.64,130,0
479,3.144636869430542,192.168.67.64,52.166.239.43,49,1
480,3.1452648639678955,52.166.239.43,192.168.67.64,206,0
481,3.1555168628692627,192.168.67.64,52.166.239.43,49,1
482,3.170583963394165,52.166.239.43,192.168.67.64,129,0
483,3.1789498329162598,52.166.239.43,192.168.67.64,205,0
484,3.188169002532959,192.168.67.64,52.166.239.43,52,1
485,3.1948049068450928,52.166.239.43,192.168.67.64,132,0
486,3.2097859382629395,192.168.67.64,52.166.239.43,49,1
487,3.2238500118255615,52.166.239.43,192.168.67.64,241,0
488,3.242363929748535,192.168.67.64,52.166.239.43,49,1
489,3.2455928325653076,52.166.239.43,192.168.67.64,177,0
490,3.2637529373168945,192.168.67.64,52.166.239.43,49,1
491,3.2716448307037354,52.166.239.43,192.168.67.64,126,0
492,3.2855069637298584,192.168.67.64,52.166.239.43,49,1
493,3.2951200008392334,52.166.239.43,192.168.67.64,185,0
494,3.3072688579559326,192.168.67.64,52.166.239.43,49,1
495,3.3177428245544434,52.166.239.43,192.168.67.64,213,0
496,3.329005002975464,192.168.67.64,52.166.239.43,49,1
497,3.340359926223755,52.166.239.43,192.168.67.64,208,0
498,3.3507819175720215,192.168.67.64,52.166.239.43,49,1
499,3.3608310222625732,52.166.239.43,192.168.67.64,135,0
500,3.36165189743042,192.168.67.64,52.166.239.43,74,1
501,3.3725168704986572,192.168.67.64,52.166.239.43,49,1
502,3.383800983428955,52.166.239.43,192.168.67.64,156,0
503,3.394270896911621,192.168.67.64,52.166.239.43,49,1
504,3.4049789905548096,52.166.239.43,192.168.67.64,210,0
505,3.41601300239563,192.168.67.64,52.166.239.43,49,1
506,3.4272730350494385,52.166.239.43,192.168.67.64,159,0
507,3.4377999305725098,192.168.67.64,52.166.239.43,49,1
508,3.449573040008545,52.166.239.43,192.168.67.64,229,0
509,3.4704020023345947,192.168.67.64,52.166.239.43,49,1
510,3.471632957458496,52.166.239.43,192.168.67.64,131,0
511,3.4921529293060303,192.168.67.64,52.166.239.43,49,1
512,3.4943928718566895,52.166.239.43,192.168.67.64,156,0
513,3.5139050483703613,192.168.67.64,52.166.239.43,49,1
514,3.515925884246826,52.166.239.43,192.168.67.64,166,0
515,3.5356428623199463,192.168.67.64,52.166.239.43,49,1
516,3.537745952606201,52.166.239.43,192.168.67.64,132,0
517,3.557407855987549,192.168.67.64,52.166.239.43,49,1
518,3.562551975250244,52.166.239.43,192.168.67.64,200,0
519,3.5683069229125977,192.168.67.64,52.166.239.43,216,1
520,3.579150915145874,192.168.67.64,52.166.239.43,49,1
521,3.586030960083008,52.166.239.43,192.168.67.64,149,0
522,3.586030960083008,52.166.239.43,192.168.67.64,60,0
523,3.6009058952331543,192.168.67.64,52.166.239.43,49,1
524,3.607301950454712,52.166.239.43,192.168.67.64,209,0
525,3.6226489543914795,192.168.67.64,52.166.239.43,49,1
526,3.630671977996826,52.166.239.43,192.168.67.64,103,0
527,3.644402027130127,192.168.67.64,52.166.239.43,49,1
528,3.6509928703308105,52.166.239.43,192.168.67.64,230,0
529,3.666144847869873,192.168.67.64,52.166.239.43,49,1
530,3.6732280254364014,52.166.239.43,192.168.67.64,162,0
531,3.6879048347473145,192.168.67.64,52.166.239.43,49,1
532,3.701202869415283,52.166.239.43,192.168.67.64,182,0
533,3.72053599357605,192.168.67.64,52.166.239.43,49,1
534,3.7229039669036865,52.166.239.43,192.168.67.64,103,0
535,3.7422850131988525,192.168.67.64,52.166.239.43,49,1
536,3.7504169940948486,52.166.239.43,192.168.67.64,203,0
537,3.764030933380127,192.168.67.64,52.166.239.43,49,1
538,3.7720890045166016,52.166.239.43,192.168.67.64,101,0
539,3.7749569416046143,192.168.67.64,52.166.239.43,72,1
540,3.785799980163574,192.168.67.64,52.166.239.43,49,1
541,3.7932510375976562,52.166.239.43,192.168.67.64,60,0
542,3.7932510375976562,52.166.239.43,192.168.67.64,214,0
543,3.807569980621338,192.168.67.64,52.166.239.43,49,1
544,3.815232038497925,52.166.239.43,192.168.67.64,101,0
545,3.8292958736419678,192.168.67.64,52.166.239.43,49,1
546,3.8364129066467285,52.166.239.43,192.168.67.64,134,0
547,3.851050853729248,192.168.67.64,52.166.239.43,49,1
548,3.856843948364258,52.166.239.43,192.168.67.64,205,0
549,3.8727920055389404,192.168.67.64,52.166.239.43,49,1
550,3.8767950534820557,52.166.239.43,192.168.67.64,135,0
551,3.8945469856262207,192.168.67.64,52.166.239.43,49,1
552,3.896350860595703,52.166.239.43,192.168.67.64,158,0
553,3.9153528213500977,52.166.239.43,192.168.67.64,135,0
554,3.916301965713501,192.168.67.64,52.166.239.43,52,1
555,3.941654920578003,52.166.239.43,192.168.67.64,259,0
556,3.959800958633423,192.168.67.64,52.166.239.43,49,1
557,3.964823007583618,52.166.239.43,192.168.67.64,104,0
558,3.9815518856048584,192.168.67.64,52.166.239.43,49,1
559,3.994166851043701,52.166.239.43,192.168.67.64,186,0
560,4.0033278465271,192.168.67.64,52.166.239.43,100,1
561,4.01418399810791,192.168.67.64,52.166.239.43,49,1
562,4.0177319049835205,52.166.239.43,192.168.67.64,60,0
563,4.0177319049835205,52.166.239.43,192.168.67.64,188,0
564,4.035930871963501,192.168.67.64,52.166.239.43,49,1
565,4.046813011169434,192.168.67.64,52.166.239.43,125,1
566,4.048235893249512,52.166.239.43,192.168.67.64,175,0
567,4.068559885025024,192.168.67.64,52.166.239.43,49,1
568,4.075309991836548,52.166.239.43,192.168.67.64,188,0
569,4.090296983718872,192.168.67.64,52.166.239.43,49,1
570,4.100967884063721,52.166.239.43,192.168.67.64,131,0
571,4.112066030502319,192.168.67.64,52.166.239.43,49,1
572,4.122599840164185,52.166.239.43,192.168.67.64,165,0
573,4.133815050125122,192.168.67.64,52.166.239.43,49,1
574,4.143838882446289,52.166.239.43,192.168.67.64,180,0
575,4.15556001663208,192.168.67.64,52.166.239.43,49,1
576,4.187839984893799,52.166.239.43,192.168.67.64,132,0
577,4.199064016342163,192.168.67.64,52.166.239.43,49,1
578,4.208534002304077,52.166.239.43,192.168.67.64,191,0
579,4.220821857452393,192.168.67.64,52.166.239.43,49,1
580,4.230654001235962,52.166.239.43,192.168.67.64,60,0
581,4.230654001235962,52.166.239.43,192.168.67.64,104,0
582,4.242565870285034,192.168.67.64,52.166.239.43,49,1
583,4.254973888397217,52.166.239.43,192.168.67.64,205,0
584,4.275194883346558,192.168.67.64,52.166.239.43,49,1
585,4.278378009796143,52.166.239.43,192.168.67.64,60,0
586,4.278378009796143,52.166.239.43,192.168.67.64,159,0
587,4.296955823898315,192.168.67.64,52.166.239.43,49,1
588,4.301952838897705,52.166.239.43,192.168.67.64,133,0
589,4.318687915802002,192.168.67.64,52.166.239.43,49,1
590,4.323906898498535,52.166.239.43,192.168.67.64,135,0
591,4.340428829193115,192.168.67.64,52.166.239.43,49,1
592,4.3483428955078125,52.166.239.43,192.168.67.64,174,0
593,4.36217999458313,192.168.67.64,52.166.239.43,49,1
594,4.369112014770508,52.166.239.43,192.168.67.64,104,0
595,4.3839499950408936,192.168.67.64,52.166.239.43,49,1
596,4.446045875549316,52.166.239.43,192.168.67.64,246,0
597,4.449216842651367,192.168.67.64,52.166.239.43,52,1
598,4.460070848464966,192.168.67.64,52.166.239.43,49,1
599,4.466383934020996,52.166.239.43,192.168.67.64,244,0
600,4.481837034225464,192.168.67.64,52.166.239.43,49,1
601,4.487828969955444,52.166.239.43,192.168.67.64,135,0
602,4.503576993942261,192.168.67.64,52.166.239.43,49,1
603,4.511311054229736,52.166.239.43,192.168.67.64,163,0
604,4.525327920913696,192.168.67.64,52.166.239.43,49,1
605,4.533406972885132,52.166.239.43,192.168.67.64,135,0
606,4.547101020812988,192.168.67.64,52.166.239.43,49,1
607,4.555380821228027,52.166.239.43,192.168.67.64,174,0
608,4.568858861923218,192.168.67.64,52.166.239.43,49,1
609,4.577527046203613,52.166.239.43,192.168.67.64,1497,0
610,4.577654838562012,52.166.239.43,192.168.67.64,1497,0
611,4.577782869338989,52.166.239.43,192.168.67.64,1455,0
612,4.579733848571777,192.168.67.64,52.166.239.43,52,1
613,4.598956823348999,52.166.239.43,192.168.67.64,159,0
614,4.612354040145874,192.168.67.64,52.166.239.43,49,1
615,4.6506500244140625,52.166.239.43,192.168.67.64,286,0
616,4.660756826400757,52.166.239.43,192.168.67.64,158,0
617,4.660756826400757,52.166.239.43,192.168.67.64,133,0
618,4.666728973388672,192.168.67.64,52.166.239.43,52,1
619,4.688273906707764,52.166.239.43,192.168.67.64,157,0
620,4.699353933334351,192.168.67.64,52.166.239.43,49,1
621,4.713771820068359,52.166.239.43,192.168.67.64,141,0
622,4.731984853744507,192.168.67.64,52.166.239.43,49,1
623,4.736969947814941,52.166.239.43,192.168.67.64,179,0
624,4.753739833831787,192.168.67.64,52.166.239.43,49,1
625,4.786303997039795,52.166.239.43,192.168.67.64,161,0
626,4.797247886657715,192.168.67.64,52.166.239.43,49,1
627,4.806790828704834,52.166.239.43,192.168.67.64,104,0
628,4.818987846374512,192.168.67.64,52.166.239.43,49,1
629,4.833550930023193,52.166.239.43,192.168.67.64,370,0
630,4.851630926132202,192.168.67.64,52.166.239.43,49,1
631,4.855216026306152,52.166.239.43,192.168.67.64,150,0
632,4.873371839523315,192.168.67.64,52.166.239.43,49,1
633,4.875823020935059,52.166.239.43,192.168.67.64,135,0
634,4.895105838775635,192.168.67.64,52.166.239.43,49,1
635,4.896371841430664,52.166.239.43,192.168.67.64,131,0
636,4.91687798500061,192.168.67.64,52.166.239.43,49,1
637,4.924631834030151,52.166.239.43,192.168.67.64,133,0
638,4.938640832901001,192.168.67.64,52.166.239.43,49,1
639,4.948549032211304,52.166.239.43,192.168.67.64,147,0
640,4.960389852523804,192.168.67.64,52.166.239.43,49,1
641,4.960422992706299,192.168.67.64,52.166.239.43,72,1
642,4.9737138748168945,52.166.239.43,192.168.67.64,161,0
643,4.9930219650268555,192.168.67.64,52.166.239.43,49,1
644,4.99475884437561,52.166.239.43,192.168.67.64,110,0
645,5.00391697883606,192.168.67.64,52.166.239.43,88,1
646,5.014773845672607,192.168.67.64,52.166.239.43,49,1
647,5.023651838302612,52.166.239.43,192.168.67.64,135,0
648,5.036525011062622,192.168.67.64,52.166.239.43,49,1
649,5.0458269119262695,52.166.239.43,192.168.67.64,148,0
650,5.058279991149902,192.168.67.64,52.166.239.43,49,1
651,5.070000886917114,52.166.239.43,192.168.67.64,132,0
652,5.090900897979736,192.168.67.64,52.166.239.43,49,1
653,5.098655939102173,52.166.239.43,192.168.67.64,131,0
654,5.112651824951172,192.168.67.64,52.166.239.43,49,1
655,5.127370834350586,52.166.239.43,192.168.67.64,135,0
656,5.145283937454224,192.168.67.64,52.166.239.43,49,1
657,5.149869918823242,52.166.239.43,192.168.67.64,175,0
658,5.167027950286865,192.168.67.64,52.166.239.43,49,1
659,5.171555995941162,52.166.239.43,192.168.67.64,103,0
660,5.188783884048462,192.168.67.64,52.166.239.43,49,1
661,5.202268838882446,52.166.239.43,192.168.67.64,60,0
662,5.202268838882446,52.166.239.43,192.168.67.64,132,0
663,5.221441984176636,192.168.67.64,52.166.239.43,49,1
664,5.223178863525391,52.166.239.43,192.168.67.64,60,0
665,5.223178863525391,52.166.239.43,192.168.67.64,103,0
666,5.243167877197266,192.168.67.64,52.166.239.43,49,1
667,5.249935865402222,52.166.239.43,192.168.67.64,155,0
668,5.264902830123901,192.168.67.64,52.166.239.43,49,1
669,5.272845983505249,52.166.239.43,192.168.67.64,218,0
670,5.286664962768555,192.168.67.64,52.166.239.43,49,1
671,5.30330491065979,52.166.239.43,192.168.67.64,131,0
672,5.319283962249756,192.168.67.64,52.166.239.43,49,1
673,5.3272318840026855,52.166.239.43,192.168.67.64,164,0
674,5.3410420417785645,192.168.67.64,52.166.239.43,49,1
675,5.354290008544922,52.166.239.43,192.168.67.64,179,0
676,5.373667001724243,192.168.67.64,52.166.239.43,49,1
677,5.382928848266602,52.166.239.43,192.168.67.64,132,0
678,5.395426034927368,192.168.67.64,52.166.239.43,49,1
679,5.401792049407959,52.166.239.43,192.168.67.64,101,0
680,5.417186975479126,192.168.67.64,52.166.239.43,49,1
681,5.422868967056274,52.166.239.43,192.168.67.64,171,0
682,5.4389238357543945,192.168.67.64,52.166.239.43,49,1
683,5.445979833602905,52.166.239.43,192.168.67.64,145,0
684,5.460672855377197,192.168.67.64,52.166.239.43,49,1
685,5.461954832077026,52.166.239.43,192.168.67.64,104,0
686,5.482431888580322,192.168.67.64,52.166.239.43,49,1
687,5.48458194732666,52.166.239.43,192.168.67.64,199,0
688,5.50417685508728,192.168.67.64,52.166.239.43,49,1
689,5.5145039558410645,52.166.239.43,192.168.67.64,133,0
690,5.525924921035767,192.168.67.64,52.166.239.43,49,1
691,5.557605028152466,52.166.239.43,192.168.67.64,208,0
692,5.569453954696655,192.168.67.64,52.166.239.43,49,1
693,5.579725027084351,52.166.239.43,192.168.67.64,131,0
694,5.5911948680877686,192.168.67.64,52.166.239.43,49,1
695,5.601651906967163,52.166.239.43,192.168.67.64,104,0
696,5.612939834594727,192.168.67.64,52.166.239.43,49,1
697,5.6234869956970215,52.166.239.43,192.168.67.64,132,0
698,5.63468599319458,192.168.67.64,52.166.239.43,49,1
699,5.645237922668457,52.166.239.43,192.168.67.64,148,0
700,5.656429052352905,192.168.67.64,52.166.239.43,49,1
701,5.665184020996094,52.166.239.43,192.168.67.64,141,0
702,5.678179979324341,192.168.67.64,52.166.239.43,49,1
703,5.689046859741211,192.168.67.64,52.166.239.43,58,1
704,5.710558891296387,52.166.239.43,192.168.67.64,103,0
705,5.721683025360107,192.168.67.64,52.166.239.43,49,1
706,5.731407880783081,52.166.239.43,192.168.67.64,188,0
707,5.743450880050659,192.168.67.64,52.166.239.43,49,1
708,5.7547619342803955,52.166.239.43,192.168.67.64,126,0
709,5.765204906463623,192.168.67.64,52.166.239.43,49,1
710,5.774322986602783,52.166.239.43,192.168.67.64,133,0
711,5.786948919296265,192.168.67.64,52.166.239.43,49,1
712,5.797768831253052,52.166.239.43,192.168.67.64,104,0
713,5.808589935302734,192.168.67.64,52.166.239.43,49,1
714,5.81949782371521,52.166.239.43,192.168.67.64,133,0
715,5.830363988876343,192.168.67.64,52.166.239.43,49,1
716,5.841963052749634,52.166.239.43,192.168.67.64,147,0
717,5.8521668910980225,192.168.67.64,52.166.239.43,49,1
718,5.863343954086304,52.166.239.43,192.168.67.64,104,0
719,5.873896837234497,192.168.67.64,52.166.239.43,49,1
720,5.888350009918213,52.166.239.43,192.168.67.64,133,0
721,5.906517028808594,192.168.67.64,52.166.239.43,49,1
722,5.920702934265137,52.166.239.43,192.168.67.64,60,0
723,5.920702934265137,52.166.239.43,192.168.67.64,192,0
724,5.939141035079956,192.168.67.64,52.166.239.43,49,1
725,5.950976848602295,52.166.239.43,192.168.67.64,120,0
726,5.971768856048584,192.168.67.64,52.166.239.43,49,1
727,5.97299599647522,52.166.239.43,192.168.67.64,136,0
728,5.993527889251709,192.168.67.64,52.166.239.43,49,1
729,5.9947428703308105,52.166.239.43,192.168.67.64,131,0
730,6.015282869338989,192.168.67.64,52.166.239.43,49,1
731,6.044575929641724,52.166.239.43,192.168.67.64,188,0
732,6.0479209423065186,192.168.67.64,52.166.239.43,49,1
733,6.058768033981323,192.168.67.64,52.166.239.43,49,1
734,6.0654590129852295,52.166.239.43,192.168.67.64,120,0
735,6.080525875091553,192.168.67.64,52.166.239.43,49,1
736,6.086968898773193,52.166.239.43,192.168.67.64,188,0
737,6.102275848388672,192.168.67.64,52.166.239.43,49,1
738,6.108777046203613,52.166.239.43,192.168.67.64,165,0
739,6.124038934707642,192.168.67.64,52.166.239.43,49,1
740,6.1308348178863525,52.166.239.43,192.168.67.64,103,0
741,6.145787000656128,192.168.67.64,52.166.239.43,49,1
742,6.150930881500244,52.166.239.43,192.168.67.64,214,0
743,6.167526006698608,192.168.67.64,52.166.239.43,49,1
744,6.174295902252197,52.166.239.43,192.168.67.64,185,0
745,6.189283847808838,192.168.67.64,52.166.239.43,49,1
746,6.1993248462677,52.166.239.43,192.168.67.64,158,0
747,6.211033821105957,192.168.67.64,52.166.239.43,49,1
748,6.221750020980835,52.166.239.43,192.168.67.64,136,0
749,6.2327940464019775,192.168.67.64,52.166.239.43,49,1
750,6.2463250160217285,52.166.239.43,192.168.67.64,182,0
751,6.257174015045166,52.166.239.43,192.168.67.64,134,0
752,6.265444040298462,192.168.67.64,52.166.239.43,52,1
753,6.266002893447876,52.166.239.43,192.168.67.64,165,0
754,6.276319980621338,192.168.67.64,52.166.239.43,49,1
755,6.284987926483154,52.166.239.43,192.168.67.64,134,0
756,6.287161827087402,192.168.67.64,52.166.239.43,96,1
757,6.298033952713013,192.168.67.64,52.166.239.43,49,1
758,6.308329820632935,52.166.239.43,192.168.67.64,104,0
759,6.31978702545166,192.168.67.64,52.166.239.43,49,1
760,6.330459833145142,52.166.239.43,192.168.67.64,275,0
761,6.3306708335876465,192.168.67.64,52.166.239.43,97,1
762,6.341541051864624,192.168.67.64,52.166.239.43,49,1
763,6.35204005241394,52.166.239.43,192.168.67.64,150,0
764,6.36329197883606,192.168.67.64,52.166.239.43,49,1
765,6.373913049697876,52.166.239.43,192.168.67.64,103,0
766,6.385059833526611,192.168.67.64,52.166.239.43,49,1
767,6.3850998878479,192.168.67.64,52.166.239.43,96,1
768,6.396401882171631,52.166.239.43,192.168.67.64,132,0
769,6.406810998916626,192.168.67.64,52.166.239.43,49,1
770,6.41769003868103,52.166.239.43,192.168.67.64,195,0
771,6.428558826446533,192.168.67.64,52.166.239.43,49,1
772,6.439034938812256,52.166.239.43,192.168.67.64,120,0
773,6.450297832489014,192.168.67.64,52.166.239.43,49,1
774,6.4650468826293945,52.166.239.43,192.168.67.64,160,0
775,6.482929944992065,192.168.67.64,52.166.239.43,49,1
776,6.493299961090088,52.166.239.43,192.168.67.64,110,0
777,6.50467586517334,192.168.67.64,52.166.239.43,49,1
778,6.514333009719849,52.166.239.43,192.168.67.64,60,0
779,6.514333009719849,52.166.239.43,192.168.67.64,134,0
780,6.526422023773193,192.168.67.64,52.166.239.43,49,1
781,6.537299871444702,192.168.67.64,52.166.239.43,97,1
782,6.540058851242065,52.166.239.43,192.168.67.64,159,0
783,6.558390855789185,52.166.239.43,192.168.67.64,60,0
784,6.558390855789185,52.166.239.43,192.168.67.64,181,0
785,6.559051036834717,192.168.67.64,52.166.239.43,52,1
786,6.581109046936035,52.166.239.43,192.168.67.64,132,0
787,6.591686964035034,192.168.67.64,52.166.239.43,49,1
788,6.591717958450317,192.168.67.64,52.166.239.43,97,1
789,6.6031529903411865,52.166.239.43,192.168.67.64,60,0
790,6.6031529903411865,52.166.239.43,192.168.67.64,104,0
791,6.613436937332153,192.168.67.64,52.166.239.43,49,1
792,6.626399993896484,52.166.239.43,192.168.67.64,164,0
793,6.635190963745117,192.168.67.64,52.166.239.43,97,1
794,6.64605188369751,192.168.67.64,52.166.239.43,49,1
795,6.646793842315674,52.166.239.43,192.168.67.64,178,0
796,6.656946897506714,192.168.67.64,52.166.239.43,49,1
797,6.676600933074951,52.166.239.43,192.168.67.64,135,0
798,6.678683042526245,192.168.67.64,52.166.239.43,97,1
799,6.689558029174805,192.168.67.64,52.166.239.43,49,1
800,6.707208871841431,52.166.239.43,192.168.67.64,107,0
801,6.722179889678955,192.168.67.64,52.166.239.43,49,1
802,6.729158878326416,52.166.239.43,192.168.67.64,162,0
803,6.743950843811035,192.168.67.64,52.166.239.43,49,1
804,6.750977993011475,52.166.239.43,192.168.67.64,120,0
805,6.765683889389038,192.168.67.64,52.166.239.43,49,1
806,6.772474050521851,52.166.239.43,192.168.67.64,60,0
807,6.772474050521851,52.166.239.43,192.168.67.64,133,0
808,6.787433862686157,192.168.67.64,52.166.239.43,49,1
809,6.793967962265015,52.166.239.43,192.168.67.64,189,0
810,6.809200048446655,192.168.67.64,52.166.239.43,49,1
811,6.816522836685181,52.166.239.43,192.168.67.64,60,0
812,6.816522836685181,52.166.239.43,192.168.67.64,191,0
813,6.830935001373291,192.168.67.64,52.166.239.43,49,1
814,6.8418128490448,192.168.67.64,52.166.239.43,85,1
815,6.842151880264282,52.166.239.43,192.168.67.64,193,0
816,6.852694988250732,192.168.67.64,52.166.239.43,49,1
817,6.871032953262329,52.166.239.43,192.168.67.64,60,0
818,6.871032953262329,52.166.239.43,192.168.67.64,152,0
819,6.885311841964722,192.168.67.64,52.166.239.43,49,1
820,6.8931849002838135,52.166.239.43,192.168.67.64,60,0
821,6.8931849002838135,52.166.239.43,192.168.67.64,135,0
822,6.907066822052002,192.168.67.64,52.166.239.43,49,1
823,6.9166059494018555,52.166.239.43,192.168.67.64,101,0
824,6.928813934326172,192.168.67.64,52.166.239.43,49,1
825,6.946635007858276,52.166.239.43,192.168.67.64,265,0
826,6.961446046829224,192.168.67.64,52.166.239.43,49,1
827,6.972144842147827,52.166.239.43,192.168.67.64,134,0
828,6.983191967010498,192.168.67.64,52.166.239.43,49,1
829,6.993444919586182,52.166.239.43,192.168.67.64,135,0
830,7.004951000213623,192.168.67.64,52.166.239.43,49,1
831,7.019592046737671,52.166.239.43,192.168.67.64,162,0
832,7.037384033203125,52.166.239.43,192.168.67.64,103,0
833,7.037571907043457,192.168.67.64,52.166.239.43,52,1
834,7.058931827545166,52.166.239.43,192.168.67.64,60,0
835,7.058931827545166,52.166.239.43,192.168.67.64,208,0
836,7.070257902145386,192.168.67.64,52.166.239.43,49,1
837,7.0869669914245605,52.166.239.43,192.168.67.64,1497,0
838,7.087036848068237,52.166.239.43,192.168.67.64,1497,0
839,7.087036848068237,52.166.239.43,192.168.67.64,364,0
840,7.091963052749634,192.168.67.64,52.166.239.43,52,1
841,7.113216876983643,52.166.239.43,192.168.67.64,130,0
842,7.124578952789307,192.168.67.64,52.166.239.43,49,1
843,7.136386871337891,52.166.239.43,192.168.67.64,217,0
844,7.156286001205444,52.166.239.43,192.168.67.64,181,0
845,7.157209873199463,192.168.67.64,52.166.239.43,52,1
846,7.180701971054077,52.166.239.43,192.168.67.64,103,0
847,7.200700998306274,192.168.67.64,52.166.239.43,49,1
848,7.2037458419799805,52.166.239.43,192.168.67.64,246,0
849,7.222458839416504,192.168.67.64,52.166.239.43,49,1
850,7.224726915359497,52.166.239.43,192.168.67.64,103,0
851,7.244212865829468,192.168.67.64,52.166.239.43,49,1
852,7.2459118366241455,52.166.239.43,192.168.67.64,181,0
853,7.265954971313477,192.168.67.64,52.166.239.43,49,1
854,7.26671290397644,52.166.239.43,192.168.67.64,133,0
855,7.2768378257751465,192.168.67.64,52.166.239.43,49,1
856,7.286758899688721,52.166.239.43,192.168.67.64,135,0
857,7.298583984375,192.168.67.64,52.166.239.43,49,1
858,7.315040826797485,52.166.239.43,192.168.67.64,201,0
859,7.331254959106445,192.168.67.64,52.166.239.43,49,1
860,7.344274997711182,52.166.239.43,192.168.67.64,417,0
861,7.363816976547241,52.166.239.43,192.168.67.64,165,0
862,7.363840818405151,192.168.67.64,52.166.239.43,49,1
863,7.374747037887573,192.168.67.64,52.166.239.43,49,1
864,7.385591983795166,192.168.67.64,52.166.239.43,91,1
865,7.386339902877808,52.166.239.43,192.168.67.64,165,0
866,7.396471977233887,192.168.67.64,52.166.239.43,49,1
867,7.409052848815918,52.166.239.43,192.168.67.64,135,0
868,7.429095029830933,192.168.67.64,52.166.239.43,49,1
869,7.431944847106934,52.166.239.43,192.168.67.64,162,0
870,7.450845003128052,192.168.67.64,52.166.239.43,49,1
871,7.456010818481445,52.166.239.43,192.168.67.64,120,0
872,7.472596883773804,192.168.67.64,52.166.239.43,49,1
873,7.478528022766113,52.166.239.43,192.168.67.64,164,0
874,7.4943578243255615,192.168.67.64,52.166.239.43,49,1
875,7.504164934158325,52.166.239.43,192.168.67.64,103,0
876,7.5160908699035645,192.168.67.64,52.166.239.43,49,1
877,7.527024030685425,52.166.239.43,192.168.67.64,165,0
878,7.537854909896851,192.168.67.64,52.166.239.43,49,1
879,7.552855968475342,52.166.239.43,192.168.67.64,120,0
880,7.570469856262207,192.168.67.64,52.166.239.43,49,1
881,7.600599050521851,52.166.239.43,192.168.67.64,104,0
882,7.603126049041748,192.168.67.64,52.166.239.43,49,1
883,7.613976001739502,192.168.67.64,52.166.239.43,49,1
884,7.622477054595947,52.166.239.43,192.168.67.64,60,0
885,7.643465042114258,52.166.239.43,192.168.67.64,135,0
886,7.646615982055664,192.168.67.64,52.166.239.43,49,1
887,7.657490968704224,192.168.67.64,52.166.239.43,49,1
888,7.665953874588013,52.166.239.43,192.168.67.64,883,0
889,7.679219961166382,192.168.67.64,52.166.239.43,49,1
890,7.687307834625244,52.166.239.43,192.168.67.64,143,0
891,7.700974941253662,192.168.67.64,52.166.239.43,49,1
892,7.7305238246917725,52.166.239.43,192.168.67.64,195,0
893,7.744478940963745,192.168.67.64,52.166.239.43,49,1
894,7.752593040466309,52.166.239.43,192.168.67.64,181,0
895,7.766235828399658,192.168.67.64,52.166.239.43,49,1
896,7.78210186958313,52.166.239.43,192.168.67.64,135,0
897,7.798863887786865,192.168.67.64,52.166.239.43,49,1
898,7.80454683303833,52.166.239.43,192.168.67.64,161,0
899,7.815453052520752,52.166.239.43,192.168.67.64,104,0
900,7.820623874664307,192.168.67.64,52.166.239.43,52,1
901,7.825357913970947,52.166.239.43,192.168.67.64,135,0
902,7.842358827590942,192.168.67.64,52.166.239.43,49,1
903,7.848254919052124,52.166.239.43,192.168.67.64,209,0
904,7.8548688888549805,52.166.239.43,192.168.67.64,164,0
905,7.864130020141602,192.168.67.64,52.166.239.43,52,1
906,7.874596834182739,52.166.239.43,192.168.67.64,104,0
907,7.885869026184082,192.168.67.64,52.166.239.43,49,1
908,7.895303964614868,52.166.239.43,192.168.67.64,193,0
909,7.90761399269104,192.168.67.64,52.166.239.43,49,1
910,7.917049884796143,52.166.239.43,192.168.67.64,133,0
911,7.929361820220947,192.168.67.64,52.166.239.43,49,1
912,7.945531845092773,52.166.239.43,192.168.67.64,213,0
